snapshot_date,property_id,total_units,occupied_units,available_units,occupancy_pct
2026-01-01,P001,80,65,15.0,81.2
2026-02-01,P001,80,63,17.0,78.8
2026-03-01,P001,80,64,16.0,80.0
2026-04-01,P001,80,63,17.0,78.8
2026-05-01,P001,80,64,16.0,80.0
2026-06-01,P001,80,61,19.0,76.2
2026-07-01,P001,80,65,15.0,81.2
2026-08-01,P001,80,62,18.0,77.5
2026-09-01,P001,80,61,19.0,76.2
2026-01-01,P002,80,73,7.0,91.2
2026-02-01,P002,80,73,7.0,91.2
2026-03-01,P002,80,74,6.0,92.5
2026-04-01,P002,80,76,4.0,95.0
2026-05-01,P002,80,75,5.0,93.8
2026-06-01,P002,80,74,6.0,92.5
2026-07-01,P002,80,75,5.0,93.8
2026-08-01,P002,80,73,7.0,91.2
2026-09-01,P002,80,77,3.0,96.2
2026-01-01,P003,120,98,22.0,81.7
2026-02-01,P003,120,98,22.0,81.7
2026-03-01,P003,120,100,20.0,83.3
2026-04-01,P003,120,102,18.0,85.0
2026-05-01,P003,120,101,19.0,84.2
2026-06-01,P003,120,101,19.0,84.2
2026-07-01,P003,120,97,23.0,80.8
2026-08-01,P003,120,98,22.0,81.7
2026-09-01,P003,120,100,20.0,83.3
2026-01-01,P004,100,93,7.0,93.0
2026-02-01,P004,100,95,5.0,95.0
2026-03-01,P004,100,92,8.0,92.0
2026-04-01,P004,100,95,5.0,95.0
2026-05-01,P004,100,91,9.0,91.0
2026-06-01,P004,100,93,7.0,93.0
2026-07-01,P004,100,95,5.0,95.0
2026-08-01,P004,100,92,8.0,92.0
2026-09-01,P004,100,94,6.0,94.0
2026-01-01,P005,100,80,20.0,80.0
2026-02-01,P005,100,81,19.0,81.0
2026-03-01,P005,100,81,19.0,81.0
2026-04-01,P005,100,79,21.0,79.0
2026-05-01,P005,100,77,23.0,77.0
2026-06-01,P005,100,79,21.0,79.0
2026-07-01,P005,100,80,20.0,80.0
2026-08-01,P005,100,77,23.0,77.0
2026-09-01,P005,100,80,20.0,80.0
2026-01-01,P006,100,72,28.0,72.0
2026-02-01,P006,100,73,27.0,73.0
2026-03-01,P006,100,72,28.0,72.0
2026-04-01,P006,100,72,28.0,72.0
2026-05-01,P006,100,75,25.0,75.0
2026-06-01,P006,100,73,27.0,73.0
2026-07-01,P006,100,71,29.0,71.0
2026-08-01,P006,100,71,29.0,71.0
2026-09-01,P006,100,73,27.0,73.0
