payment_id,resident_id,payment_date,amount_inr,payment_status
PMT00001,R0045,2026-06-28,55000,Paid
PMT00002,R0030,2026-03-17,45000,Paid
PMT00003,R0020,2026-05-12,45000,Paid
PMT00004,R0076,2026-03-20,35000,Paid
PMT00005,R0005,2026-09-10,65000,Paid
PMT00006,R0079,2026-08-18,55000,Pending
PMT00007,R0028,2026-06-11,45000,Paid
PMT00008,R0011,2026-08-29,65000,Paid
PMT00009,R0039,2026-05-21,35000,Paid
PMT00010,R0089,2026-02-07,55000,Paid
PMT00011,R0038,2026-01-20,35000,Paid
PMT00012,R0070,2026-05-27,35000,Paid
PMT00013,R0080,2026-02-16,65000,Paid
PMT00014,R0066,2026-01-22,65000,Pending
PMT00015,R0069,2026-04-07,55000,Paid
PMT00016,R0094,2026-09-14,45000,Overdue
PMT00017,R0072,2026-08-19,35000,Paid
PMT00018,R0098,2026-06-25,35000,Paid
PMT00019,R0039,2026-03-30,35000,Paid
PMT00020,R0062,2026-08-13,65000,Paid
PMT00021,R0091,2026-03-23,55000,Paid
PMT00022,R0039,2026-05-25,65000,Paid
PMT00023,R0074,2026-06-23,35000,Paid
PMT00024,R0001,2026-06-21,35000,Paid
PMT00025,R0049,2026-07-17,55000,Paid
PMT00026,R0024,2026-03-18,55000,Paid
PMT00027,R0001,2026-03-14,55000,Paid
PMT00028,R0049,2026-07-20,45000,Paid
PMT00029,R0062,2026-02-13,55000,Paid
PMT00030,R0002,2026-06-18,45000,Paid
PMT00031,R0024,2026-09-27,35000,Paid
PMT00032,R0002,2026-08-05,55000,Paid
PMT00033,R0061,2026-06-08,45000,Overdue
PMT00034,R0062,2026-06-24,65000,Paid
PMT00035,R0041,2026-03-12,45000,Paid
PMT00036,R0092,2026-02-21,35000,Paid
PMT00037,R0013,2026-03-09,65000,Paid
PMT00038,R0027,2026-04-03,45000,Paid
PMT00039,R0040,2026-01-23,65000,Paid
PMT00040,R0010,2026-05-02,65000,Paid
PMT00041,R0065,2026-08-18,45000,Paid
PMT00042,R0070,2026-06-08,65000,Pending
PMT00043,R0052,2026-04-10,55000,Paid
PMT00044,R0099,2026-08-14,65000,Paid
PMT00045,R0074,2026-07-15,65000,Overdue
PMT00046,R0043,2026-04-13,45000,Pending
PMT00047,R0056,2026-01-27,65000,Pending
PMT00048,R0076,2026-02-22,35000,Paid
PMT00049,R0062,2026-03-24,55000,Paid
PMT00050,R0027,2026-09-20,45000,Pending
PMT00051,R0029,2026-02-16,45000,Paid
PMT00052,R0075,2026-06-28,35000,Paid
PMT00053,R0067,2026-07-22,55000,Paid
PMT00054,R0023,2026-02-11,55000,Paid
PMT00055,R0075,2026-06-13,35000,Pending
PMT00056,R0038,2026-06-21,45000,Paid
PMT00057,R0007,2026-05-27,65000,Paid
PMT00058,R0050,2026-03-13,65000,Paid
PMT00059,R0045,2026-01-03,35000,Paid
PMT00060,R0015,2026-04-21,45000,Paid
PMT00061,R0040,2026-09-28,65000,Paid
PMT00062,R0045,2026-05-28,45000,Paid
PMT00063,R0003,2026-01-25,45000,Paid
PMT00064,R0074,2026-08-23,35000,Paid
PMT00065,R0020,2026-09-13,35000,Paid
PMT00066,R0029,2026-05-04,45000,Paid
PMT00067,R0014,2026-01-01,55000,Paid
PMT00068,R0095,2026-08-02,45000,Paid
PMT00069,R0015,2026-02-13,55000,Paid
PMT00070,R0047,2026-09-27,35000,Paid
PMT00071,R0057,2026-08-29,35000,Paid
PMT00072,R0056,2026-07-11,55000,Paid
PMT00073,R0044,2026-07-02,35000,Paid
PMT00074,R0091,2026-02-23,55000,Paid
PMT00075,R0045,2026-06-30,55000,Paid
PMT00076,R0084,2026-03-31,65000,Overdue
PMT00077,R0093,2026-09-03,45000,Paid
PMT00078,R0025,2026-02-02,65000,Paid
PMT00079,R0003,2026-04-14,35000,Paid
PMT00080,R0080,2026-01-22,55000,Pending
PMT00081,R0069,2026-09-21,65000,Overdue
PMT00082,R0055,2026-08-31,55000,Paid
PMT00083,R0098,2026-04-08,55000,Paid
PMT00084,R0060,2026-01-25,55000,Paid
PMT00085,R0095,2026-07-08,65000,Pending
PMT00086,R0073,2026-08-14,65000,Paid
PMT00087,R0040,2026-04-06,65000,Paid
PMT00088,R0010,2026-07-08,55000,Paid
PMT00089,R0080,2026-08-06,35000,Paid
PMT00090,R0004,2026-04-03,55000,Paid
PMT00091,R0099,2026-02-10,55000,Paid
PMT00092,R0025,2026-06-06,65000,Paid
PMT00093,R0094,2026-08-07,45000,Paid
PMT00094,R0058,2026-06-29,65000,Paid
PMT00095,R0039,2026-06-30,65000,Paid
PMT00096,R0059,2026-01-30,35000,Paid
PMT00097,R0090,2026-07-27,55000,Paid
PMT00098,R0005,2026-03-23,35000,Paid
PMT00099,R0026,2026-08-13,35000,Paid
PMT00100,R0016,2026-05-01,55000,Paid
PMT00101,R0073,2026-01-17,45000,Paid
PMT00102,R0067,2026-07-09,55000,Paid
PMT00103,R0064,2026-02-09,45000,Paid
PMT00104,R0036,2026-07-23,55000,Paid
PMT00105,R0027,2026-05-08,35000,Paid
PMT00106,R0050,2026-04-06,65000,Paid
PMT00107,R0077,2026-03-02,55000,Paid
PMT00108,R0058,2026-08-17,45000,Overdue
PMT00109,R0009,2026-05-27,65000,Paid
PMT00110,R0015,2026-03-11,35000,Paid
PMT00111,R0042,2026-08-16,35000,Paid
PMT00112,R0038,2026-06-13,55000,Paid
PMT00113,R0040,2026-05-29,55000,Pending
PMT00114,R0004,2026-03-31,55000,Paid
PMT00115,R0038,2026-03-04,45000,Paid
PMT00116,R0025,2026-05-02,65000,Paid
PMT00117,R0089,2026-07-08,65000,Paid
PMT00118,R0079,2026-03-08,35000,Paid
PMT00119,R0017,2026-07-23,65000,Paid
PMT00120,R0024,2026-07-29,35000,Paid
PMT00121,R0092,2026-06-12,35000,Paid
PMT00122,R0075,2026-09-22,55000,Paid
PMT00123,R0055,2026-04-04,45000,Paid
PMT00124,R0082,2026-01-29,35000,Paid
PMT00125,R0052,2026-06-05,45000,Paid
PMT00126,R0050,2026-04-26,55000,Overdue
PMT00127,R0046,2026-09-23,55000,Pending
PMT00128,R0001,2026-05-09,45000,Paid
PMT00129,R0022,2026-05-21,45000,Paid
PMT00130,R0001,2026-02-17,45000,Paid
PMT00131,R0076,2026-03-20,45000,Paid
PMT00132,R0079,2026-06-22,35000,Pending
PMT00133,R0019,2026-01-15,35000,Paid
PMT00134,R0001,2026-05-16,45000,Paid
PMT00135,R0023,2026-08-02,35000,Paid
PMT00136,R0025,2026-05-29,55000,Paid
PMT00137,R0046,2026-07-27,55000,Paid
PMT00138,R0069,2026-01-31,45000,Paid
PMT00139,R0091,2026-09-05,65000,Paid
PMT00140,R0075,2026-03-15,55000,Pending
PMT00141,R0082,2026-06-13,55000,Overdue
PMT00142,R0073,2026-03-08,55000,Paid
PMT00143,R0023,2026-02-24,55000,Paid
PMT00144,R0094,2026-03-04,55000,Paid
PMT00145,R0040,2026-03-14,35000,Paid
PMT00146,R0052,2026-07-16,65000,Paid
PMT00147,R0079,2026-03-23,55000,Pending
PMT00148,R0079,2026-06-10,45000,Paid
PMT00149,R0012,2026-09-13,65000,Paid
PMT00150,R0080,2026-06-07,65000,Paid
PMT00151,R0005,2026-07-21,65000,Overdue
PMT00152,R0074,2026-04-21,55000,Paid
PMT00153,R0055,2026-05-25,65000,Paid
PMT00154,R0082,2026-08-29,55000,Paid
PMT00155,R0095,2026-02-25,65000,Paid
PMT00156,R0031,2026-05-16,55000,Paid
PMT00157,R0098,2026-07-07,35000,Paid
PMT00158,R0049,2026-04-10,55000,Paid
PMT00159,R0023,2026-02-07,65000,Paid
PMT00160,R0015,2026-05-24,35000,Paid
PMT00161,R0032,2026-02-19,65000,Paid
PMT00162,R0058,2026-06-23,55000,Paid
PMT00163,R0076,2026-04-12,65000,Paid
PMT00164,R0007,2026-01-24,35000,Paid
PMT00165,R0042,2026-06-20,65000,Paid
PMT00166,R0009,2026-03-18,45000,Paid
PMT00167,R0081,2026-06-13,45000,Paid
PMT00168,R0029,2026-06-03,55000,Paid
PMT00169,R0033,2026-09-18,65000,Paid
PMT00170,R0089,2026-06-03,65000,Paid
PMT00171,R0032,2026-07-08,55000,Paid
PMT00172,R0022,2026-08-02,55000,Paid
PMT00173,R0033,2026-01-14,65000,Paid
PMT00174,R0040,2026-04-27,35000,Paid
PMT00175,R0051,2026-03-29,65000,Paid
PMT00176,R0060,2026-05-05,35000,Paid
PMT00177,R0083,2026-02-26,45000,Paid
PMT00178,R0080,2026-06-10,65000,Paid
PMT00179,R0041,2026-04-15,65000,Paid
PMT00180,R0007,2026-08-30,35000,Paid
PMT00181,R0002,2026-09-23,45000,Paid
PMT00182,R0002,2026-09-02,65000,Paid
PMT00183,R0085,2026-03-30,65000,Pending
PMT00184,R0057,2026-06-25,55000,Paid
PMT00185,R0026,2026-05-16,65000,Paid
PMT00186,R0092,2026-05-07,55000,Paid
PMT00187,R0090,2026-04-26,55000,Paid
PMT00188,R0054,2026-04-17,65000,Paid
PMT00189,R0095,2026-06-28,55000,Paid
PMT00190,R0052,2026-07-14,65000,Paid
PMT00191,R0028,2026-03-16,55000,Paid
PMT00192,R0048,2026-02-10,55000,Pending
PMT00193,R0006,2026-05-12,65000,Paid
PMT00194,R0028,2026-05-19,55000,Paid
PMT00195,R0020,2026-05-03,45000,Paid
PMT00196,R0062,2026-04-26,45000,Paid
PMT00197,R0069,2026-07-31,55000,Paid
PMT00198,R0044,2026-02-21,45000,Paid
PMT00199,R0092,2026-03-22,65000,Paid
PMT00200,R0078,2026-09-01,65000,Paid
PMT00201,R0023,2026-05-28,55000,Paid
PMT00202,R0007,2026-01-31,35000,Paid
PMT00203,R0057,2026-04-29,35000,Pending
PMT00204,R0048,2026-03-31,65000,Pending
PMT00205,R0090,2026-04-01,35000,Overdue
PMT00206,R0002,2026-07-23,65000,Paid
PMT00207,R0016,2026-05-29,35000,Paid
PMT00208,R0034,2026-02-24,55000,Paid
PMT00209,R0011,2026-09-26,65000,Pending
PMT00210,R0007,2026-03-10,65000,Paid
PMT00211,R0050,2026-02-27,55000,Paid
PMT00212,R0079,2026-08-23,55000,Paid
PMT00213,R0049,2026-01-08,55000,Paid
PMT00214,R0059,2026-04-09,45000,Paid
PMT00215,R0036,2026-07-27,65000,Paid
PMT00216,R0096,2026-02-14,65000,Paid
PMT00217,R0020,2026-04-05,45000,Paid
PMT00218,R0062,2026-05-08,35000,Paid
PMT00219,R0048,2026-05-01,65000,Paid
PMT00220,R0092,2026-06-18,55000,Paid
PMT00221,R0008,2026-01-06,55000,Paid
PMT00222,R0003,2026-05-01,35000,Paid
PMT00223,R0040,2026-08-27,55000,Paid
PMT00224,R0027,2026-09-15,55000,Paid
PMT00225,R0060,2026-06-01,55000,Paid
PMT00226,R0077,2026-04-23,45000,Paid
PMT00227,R0034,2026-08-21,55000,Paid
PMT00228,R0026,2026-08-30,45000,Paid
PMT00229,R0025,2026-02-11,65000,Paid
PMT00230,R0094,2026-07-05,35000,Pending
PMT00231,R0019,2026-02-27,35000,Pending
PMT00232,R0072,2026-09-16,45000,Paid
PMT00233,R0092,2026-03-18,45000,Paid
PMT00234,R0064,2026-09-24,65000,Paid
PMT00235,R0076,2026-04-16,65000,Paid
PMT00236,R0025,2026-09-19,65000,Paid
PMT00237,R0035,2026-08-21,45000,Paid
PMT00238,R0034,2026-08-22,35000,Paid
PMT00239,R0033,2026-06-07,35000,Paid
PMT00240,R0073,2026-01-02,45000,Paid
PMT00241,R0074,2026-01-24,65000,Paid
PMT00242,R0042,2026-02-02,35000,Pending
PMT00243,R0090,2026-02-05,65000,Paid
PMT00244,R0005,2026-07-29,45000,Paid
PMT00245,R0002,2026-08-04,55000,Overdue
PMT00246,R0030,2026-07-15,65000,Pending
PMT00247,R0039,2026-07-13,65000,Paid
PMT00248,R0016,2026-03-10,55000,Paid
PMT00249,R0086,2026-07-21,45000,Paid
PMT00250,R0058,2026-04-25,35000,Paid
PMT00251,R0024,2026-06-02,65000,Paid
PMT00252,R0017,2026-08-06,65000,Pending
PMT00253,R0045,2026-05-07,65000,Paid
PMT00254,R0006,2026-05-22,45000,Pending
PMT00255,R0011,2026-02-27,35000,Paid
PMT00256,R0009,2026-08-03,35000,Paid
PMT00257,R0005,2026-02-04,35000,Paid
PMT00258,R0040,2026-08-17,35000,Paid
PMT00259,R0077,2026-01-23,65000,Paid
PMT00260,R0094,2026-04-22,35000,Paid
PMT00261,R0052,2026-05-29,45000,Paid
PMT00262,R0007,2026-06-13,55000,Paid
PMT00263,R0026,2026-03-15,45000,Paid
PMT00264,R0003,2026-05-21,35000,Paid
PMT00265,R0097,2026-03-31,65000,Paid
PMT00266,R0019,2026-01-25,55000,Overdue
PMT00267,R0059,2026-07-15,55000,Paid
PMT00268,R0080,2026-07-29,45000,Paid
PMT00269,R0091,2026-04-05,65000,Paid
PMT00270,R0076,2026-04-26,55000,Pending
PMT00271,R0038,2026-03-15,65000,Pending
PMT00272,R0069,2026-07-31,65000,Paid
PMT00273,R0028,2026-03-10,65000,Paid
PMT00274,R0056,2026-04-15,55000,Paid
PMT00275,R0038,2026-08-19,55000,Paid
PMT00276,R0009,2026-04-08,35000,Paid
PMT00277,R0100,2026-01-21,35000,Paid
PMT00278,R0076,2026-04-22,65000,Paid
PMT00279,R0057,2026-06-20,55000,Overdue
PMT00280,R0032,2026-01-08,45000,Pending
PMT00281,R0063,2026-03-02,65000,Pending
PMT00282,R0075,2026-04-15,65000,Pending
PMT00283,R0085,2026-06-14,55000,Paid
PMT00284,R0068,2026-07-03,55000,Paid
PMT00285,R0028,2026-09-20,65000,Paid
PMT00286,R0039,2026-08-29,55000,Pending
PMT00287,R0060,2026-07-09,55000,Paid
PMT00288,R0096,2026-04-24,45000,Paid
PMT00289,R0029,2026-08-02,55000,Paid
PMT00290,R0068,2026-06-18,45000,Paid
PMT00291,R0013,2026-05-06,65000,Paid
PMT00292,R0069,2026-06-22,55000,Paid
PMT00293,R0075,2026-09-08,65000,Paid
PMT00294,R0091,2026-06-30,45000,Paid
PMT00295,R0012,2026-09-08,45000,Pending
PMT00296,R0053,2026-01-31,35000,Pending
PMT00297,R0044,2026-02-08,35000,Paid
PMT00298,R0044,2026-07-31,45000,Pending
PMT00299,R0041,2026-04-29,35000,Paid
PMT00300,R0013,2026-01-05,45000,Paid
PMT00301,R0001,2026-07-11,35000,Paid
PMT00302,R0091,2026-09-05,65000,Paid
PMT00303,R0054,2026-07-30,35000,Paid
PMT00304,R0010,2026-05-21,55000,Paid
PMT00305,R0051,2026-08-09,45000,Paid
PMT00306,R0048,2026-02-19,45000,Paid
PMT00307,R0007,2026-09-27,55000,Paid
PMT00308,R0046,2026-05-17,65000,Paid
PMT00309,R0020,2026-07-27,65000,Paid
PMT00310,R0094,2026-04-26,55000,Paid
PMT00311,R0085,2026-02-11,35000,Paid
PMT00312,R0028,2026-07-14,65000,Paid
PMT00313,R0069,2026-01-29,35000,Paid
PMT00314,R0070,2026-02-12,65000,Pending
PMT00315,R0017,2026-06-19,35000,Pending
PMT00316,R0079,2026-01-22,45000,Paid
PMT00317,R0100,2026-09-01,55000,Paid
PMT00318,R0097,2026-02-08,55000,Pending
PMT00319,R0051,2026-01-17,45000,Pending
PMT00320,R0009,2026-06-11,35000,Overdue
PMT00321,R0001,2026-03-15,65000,Pending
PMT00322,R0098,2026-06-03,45000,Paid
PMT00323,R0089,2026-07-19,55000,Paid
PMT00324,R0069,2026-03-13,35000,Paid
PMT00325,R0014,2026-06-27,35000,Paid
PMT00326,R0032,2026-04-29,35000,Paid
PMT00327,R0019,2026-07-23,55000,Paid
PMT00328,R0083,2026-05-20,65000,Paid
PMT00329,R0033,2026-07-02,65000,Paid
PMT00330,R0087,2026-07-14,35000,Paid
PMT00331,R0028,2026-06-01,45000,Paid
PMT00332,R0024,2026-02-12,55000,Paid
PMT00333,R0026,2026-03-20,65000,Paid
PMT00334,R0020,2026-02-24,35000,Paid
PMT00335,R0038,2026-06-07,65000,Paid
PMT00336,R0044,2026-05-19,35000,Paid
PMT00337,R0085,2026-04-06,65000,Paid
PMT00338,R0026,2026-09-20,65000,Paid
PMT00339,R0009,2026-02-15,55000,Paid
PMT00340,R0016,2026-06-16,65000,Paid
PMT00341,R0013,2026-07-31,65000,Paid
PMT00342,R0089,2026-05-05,45000,Paid
PMT00343,R0058,2026-03-28,45000,Paid
PMT00344,R0056,2026-05-18,65000,Paid
PMT00345,R0034,2026-03-27,65000,Paid
PMT00346,R0092,2026-06-03,65000,Paid
PMT00347,R0092,2026-07-04,55000,Overdue
PMT00348,R0007,2026-09-11,45000,Paid
PMT00349,R0062,2026-03-11,55000,Paid
PMT00350,R0035,2026-07-22,55000,Pending
PMT00351,R0065,2026-07-14,55000,Paid
PMT00352,R0046,2026-08-09,45000,Paid
PMT00353,R0097,2026-04-13,65000,Paid
PMT00354,R0014,2026-07-23,55000,Paid
PMT00355,R0020,2026-09-09,45000,Paid
PMT00356,R0014,2026-05-24,65000,Paid
PMT00357,R0053,2026-04-13,45000,Paid
PMT00358,R0007,2026-01-14,65000,Overdue
PMT00359,R0041,2026-04-18,65000,Paid
PMT00360,R0067,2026-02-05,65000,Paid
PMT00361,R0044,2026-03-13,55000,Paid
PMT00362,R0069,2026-03-20,65000,Paid
PMT00363,R0043,2026-02-07,65000,Overdue
PMT00364,R0092,2026-09-03,65000,Paid
PMT00365,R0068,2026-08-03,35000,Paid
PMT00366,R0055,2026-07-04,35000,Paid
PMT00367,R0062,2026-05-08,55000,Paid
PMT00368,R0077,2026-01-23,65000,Overdue
PMT00369,R0052,2026-06-19,65000,Paid
PMT00370,R0002,2026-02-20,55000,Paid
PMT00371,R0025,2026-09-23,45000,Paid
PMT00372,R0072,2026-07-20,65000,Paid
PMT00373,R0064,2026-09-14,45000,Paid
PMT00374,R0011,2026-01-13,65000,Paid
PMT00375,R0047,2026-08-01,35000,Paid
PMT00376,R0096,2026-03-14,55000,Paid
PMT00377,R0099,2026-08-22,45000,Paid
PMT00378,R0034,2026-06-28,65000,Paid
PMT00379,R0046,2026-08-20,55000,Paid
PMT00380,R0077,2026-01-23,35000,Paid
PMT00381,R0035,2026-06-25,35000,Paid
PMT00382,R0012,2026-03-26,45000,Paid
PMT00383,R0001,2026-03-23,55000,Paid
PMT00384,R0082,2026-08-25,45000,Paid
PMT00385,R0062,2026-04-05,45000,Paid
PMT00386,R0049,2026-08-10,65000,Paid
PMT00387,R0084,2026-04-12,65000,Paid
PMT00388,R0023,2026-07-19,35000,Paid
PMT00389,R0093,2026-04-16,55000,Paid
PMT00390,R0051,2026-02-02,35000,Paid
PMT00391,R0041,2026-04-06,55000,Paid
PMT00392,R0026,2026-08-23,35000,Paid
PMT00393,R0078,2026-09-08,55000,Paid
PMT00394,R0048,2026-07-20,35000,Paid
PMT00395,R0029,2026-08-23,45000,Paid
PMT00396,R0064,2026-06-02,35000,Paid
PMT00397,R0042,2026-06-10,35000,Paid
PMT00398,R0054,2026-03-01,45000,Paid
PMT00399,R0064,2026-03-14,65000,Paid
PMT00400,R0026,2026-03-12,65000,Paid
PMT00401,R0085,2026-09-07,45000,Paid
PMT00402,R0035,2026-09-08,55000,Paid
PMT00403,R0045,2026-06-11,65000,Paid
PMT00404,R0027,2026-07-03,35000,Paid
PMT00405,R0024,2026-04-10,65000,Overdue
PMT00406,R0062,2026-09-16,65000,Paid
PMT00407,R0004,2026-09-09,65000,Paid
PMT00408,R0085,2026-08-16,65000,Paid
PMT00409,R0021,2026-01-16,45000,Paid
PMT00410,R0064,2026-05-21,45000,Paid
PMT00411,R0031,2026-03-28,65000,Paid
PMT00412,R0026,2026-09-11,35000,Paid
PMT00413,R0074,2026-05-18,55000,Paid
PMT00414,R0014,2026-01-22,65000,Paid
PMT00415,R0024,2026-08-06,35000,Paid
PMT00416,R0032,2026-05-07,55000,Pending
PMT00417,R0024,2026-01-17,65000,Paid
PMT00418,R0074,2026-02-14,65000,Pending
PMT00419,R0038,2026-03-02,45000,Paid
PMT00420,R0073,2026-06-29,65000,Paid
PMT00421,R0044,2026-03-13,45000,Paid
PMT00422,R0092,2026-01-31,55000,Paid
PMT00423,R0003,2026-03-28,55000,Overdue
PMT00424,R0100,2026-05-30,55000,Paid
PMT00425,R0044,2026-09-21,35000,Paid
PMT00426,R0095,2026-07-30,35000,Overdue
PMT00427,R0025,2026-03-06,45000,Paid
PMT00428,R0032,2026-06-14,45000,Paid
PMT00429,R0025,2026-07-21,65000,Paid
PMT00430,R0013,2026-05-18,65000,Paid
PMT00431,R0012,2026-02-08,35000,Paid
PMT00432,R0078,2026-05-23,55000,Paid
PMT00433,R0003,2026-09-07,55000,Paid
PMT00434,R0063,2026-02-17,65000,Paid
PMT00435,R0040,2026-07-03,35000,Paid
PMT00436,R0026,2026-07-23,45000,Overdue
PMT00437,R0069,2026-04-19,65000,Paid
PMT00438,R0099,2026-05-26,55000,Paid
PMT00439,R0009,2026-03-08,65000,Paid
PMT00440,R0052,2026-01-25,35000,Paid
PMT00441,R0061,2026-08-24,35000,Paid
PMT00442,R0069,2026-03-22,65000,Paid
PMT00443,R0021,2026-08-08,45000,Overdue
PMT00444,R0042,2026-03-09,55000,Paid
PMT00445,R0083,2026-05-21,35000,Paid
PMT00446,R0072,2026-05-09,35000,Paid
PMT00447,R0097,2026-03-26,35000,Paid
PMT00448,R0024,2026-06-06,45000,Paid
PMT00449,R0067,2026-02-16,35000,Paid
PMT00450,R0076,2026-09-02,35000,Paid
PMT00451,R0041,2026-04-26,65000,Paid
PMT00452,R0031,2026-06-25,35000,Overdue
PMT00453,R0091,2026-08-05,45000,Paid
PMT00454,R0016,2026-04-28,65000,Paid
PMT00455,R0012,2026-02-22,35000,Paid
PMT00456,R0041,2026-06-03,45000,Paid
PMT00457,R0019,2026-03-10,45000,Paid
PMT00458,R0086,2026-01-05,45000,Paid
PMT00459,R0067,2026-04-20,45000,Pending
PMT00460,R0095,2026-08-15,45000,Paid
PMT00461,R0012,2026-02-21,45000,Paid
PMT00462,R0093,2026-07-16,55000,Overdue
PMT00463,R0059,2026-06-11,45000,Paid
PMT00464,R0031,2026-02-13,45000,Paid
PMT00465,R0022,2026-05-26,35000,Pending
PMT00466,R0072,2026-06-04,45000,Paid
PMT00467,R0006,2026-09-18,45000,Paid
PMT00468,R0019,2026-06-01,35000,Paid
PMT00469,R0030,2026-05-03,65000,Paid
PMT00470,R0035,2026-05-04,65000,Paid
PMT00471,R0024,2026-02-06,35000,Overdue
PMT00472,R0050,2026-06-12,45000,Paid
PMT00473,R0025,2026-08-04,55000,Paid
PMT00474,R0056,2026-03-30,65000,Overdue
PMT00475,R0099,2026-02-07,35000,Paid
PMT00476,R0034,2026-01-08,55000,Paid
PMT00477,R0012,2026-01-31,65000,Paid
PMT00478,R0027,2026-09-14,65000,Paid
PMT00479,R0008,2026-07-25,35000,Paid
PMT00480,R0038,2026-03-20,55000,Paid
PMT00481,R0041,2026-02-10,45000,Overdue
PMT00482,R0043,2026-03-21,55000,Paid
PMT00483,R0043,2026-02-03,55000,Paid
PMT00484,R0097,2026-05-03,35000,Paid
PMT00485,R0011,2026-08-11,35000,Paid
PMT00486,R0017,2026-01-29,55000,Paid
PMT00487,R0036,2026-03-31,35000,Paid
PMT00488,R0099,2026-03-12,35000,Paid
PMT00489,R0057,2026-06-27,55000,Paid
PMT00490,R0088,2026-03-06,55000,Paid
PMT00491,R0006,2026-03-02,35000,Paid
PMT00492,R0005,2026-08-08,55000,Paid
PMT00493,R0078,2026-05-15,35000,Paid
PMT00494,R0024,2026-09-19,55000,Paid
PMT00495,R0021,2026-03-27,55000,Paid
PMT00496,R0055,2026-02-22,35000,Paid
PMT00497,R0070,2026-09-18,35000,Paid
PMT00498,R0013,2026-01-07,45000,Paid
PMT00499,R0024,2026-07-06,65000,Pending
PMT00500,R0042,2026-04-02,35000,Paid
