resident_id,resident_name,age,gender,property_id,move_in_date,care_level
R0001,Rohan Singh,83,Female,P001,2023-07-29,Independent
R0002,Kiran Mehta,60,Male,P002,2023-07-11,Independent
R0003,Neha Mehta,82,Female,P003,2026-01-21,Assisted
R0004,Sunita Iyer,85,Female,P004,2023-01-14,Assisted
R0005,Arjun Shah,64,Male,P005,2024-03-16,Assisted
R0006,Kavita Singh,63,Female,P005,2025-01-05,Independent
R0007,Ananya Iyer,83,Male,P006,2025-07-29,Assisted
R0008,Kiran Shah,86,Male,P005,2025-01-10,Independent
R0009,Rohan Mehta,84,Male,P003,2024-08-15,Assisted
R0010,Kavita Desai,68,Female,P006,2025-07-17,Assisted
R0011,Rohan Singh,66,Male,P002,2024-06-30,Independent
R0012,Sanjay Joshi,65,Male,P006,2025-08-04,Assisted
R0013,Nisha Patel,86,Female,P002,2023-04-25,Assisted
R0014,Kiran Singh,68,Female,P001,2023-05-16,Independent
R0015,Sanjay Kapoor,80,Male,P002,2025-10-19,Assisted
R0016,Vijay Singh,64,Female,P005,2024-05-20,Assisted
R0017,Rajesh Gupta,71,Female,P005,2024-03-25,Independent
R0018,Ananya Desai,84,Male,P003,2023-04-07,Assisted
R0019,Sanjay Iyer,79,Female,P002,2023-05-11,Assisted
R0020,Ananya Gupta,77,Female,P002,2023-01-24,Assisted
R0021,Neha Desai,63,Female,P006,2024-08-24,Independent
R0022,Sunita Gupta,83,Male,P002,2024-06-23,Assisted
R0023,Kiran Desai,86,Female,P002,2025-11-05,Independent
R0024,Aarav Singh,77,Female,P001,2025-12-22,Assisted
R0025,Kavita Joshi,60,Male,P001,2023-08-18,Independent
R0026,Rohan Shah,67,Female,P005,2026-03-07,Independent
R0027,Rajesh Desai,84,Female,P006,2025-12-26,Independent
R0028,Neha Mehta,68,Male,P001,2025-12-16,Assisted
R0029,Manoj Gupta,72,Female,P002,2025-02-03,Independent
R0030,Rohan Rao,67,Male,P001,2024-04-05,Independent
R0031,Aarav Shah,78,Male,P001,2024-03-27,Independent
R0032,Arjun Shah,62,Male,P004,2023-03-06,Assisted
R0033,Kiran Gupta,81,Male,P003,2025-09-21,Assisted
R0034,Neha Mehta,67,Male,P002,2025-08-26,Independent
R0035,Kavita Iyer,81,Female,P003,2025-06-01,Assisted
R0036,Ananya Patel,87,Female,P005,2023-04-21,Assisted
R0037,Nisha Mehta,85,Male,P005,2023-08-12,Assisted
R0038,Sunita Joshi,64,Female,P001,2025-05-14,Independent
R0039,Manoj Gupta,87,Male,P003,2023-06-04,Independent
R0040,Aarav Shah,80,Male,P004,2026-01-12,Independent
R0041,Rekha Mehta,73,Female,P005,2025-09-21,Independent
R0042,Aarav Iyer,65,Female,P002,2025-02-15,Assisted
R0043,Rekha Desai,69,Male,P004,2025-05-16,Assisted
R0044,Meera Rao,66,Male,P002,2023-04-30,Independent
R0045,Sunita Patel,78,Male,P001,2025-09-03,Independent
R0046,Rohan Mehta,62,Female,P006,2026-05-03,Independent
R0047,Nisha Singh,88,Male,P006,2026-03-12,Independent
R0048,Arjun Joshi,73,Male,P001,2026-04-10,Assisted
R0049,Sanjay Desai,67,Female,P001,2024-06-27,Assisted
R0050,Aarav Kapoor,70,Male,P006,2023-05-29,Independent
R0051,Vijay Desai,77,Female,P005,2024-03-12,Independent
R0052,Kavita Joshi,88,Male,P006,2024-05-15,Assisted
R0053,Pooja Singh,86,Male,P004,2026-01-17,Assisted
R0054,Rajesh Joshi,81,Male,P001,2023-08-01,Independent
R0055,Rajesh Joshi,83,Female,P004,2026-02-07,Independent
R0056,Kiran Joshi,82,Female,P001,2024-12-03,Assisted
R0057,Rohan Iyer,88,Female,P002,2023-04-15,Independent
R0058,Rajesh Joshi,60,Male,P004,2024-11-14,Assisted
R0059,Aarav Shah,77,Male,P003,2025-05-25,Independent
R0060,Kavita Singh,77,Male,P005,2023-03-15,Assisted
R0061,Pooja Rao,64,Male,P003,2023-03-27,Assisted
R0062,Ananya Rao,66,Female,P005,2024-05-26,Independent
R0063,Sunita Iyer,67,Male,P005,2023-11-29,Independent
R0064,Neha Mehta,83,Female,P004,2024-11-11,Independent
R0065,Sanjay Patel,85,Female,P002,2023-08-10,Independent
R0066,Kavita Joshi,66,Male,P001,2025-07-31,Independent
R0067,Sanjay Rao,60,Female,P005,2024-01-31,Independent
R0068,Kavita Gupta,84,Female,P001,2024-07-25,Assisted
R0069,Vijay Desai,60,Female,P003,2023-08-25,Independent
R0070,Neha Rao,63,Female,P002,2026-05-06,Assisted
R0071,Ananya Iyer,79,Male,P004,2025-11-13,Assisted
R0072,Aarav Gupta,61,Male,P001,2025-06-12,Assisted
R0073,Arjun Singh,73,Female,P003,2023-05-24,Independent
R0074,Pooja Iyer,83,Female,P002,2024-09-07,Assisted
R0075,Rajesh Mehta,82,Female,P001,2024-08-28,Assisted
R0076,Pooja Iyer,81,Male,P002,2023-12-23,Assisted
R0077,Neha Singh,69,Female,P004,2024-03-06,Assisted
R0078,Kiran Gupta,74,Female,P002,2025-06-24,Independent
R0079,Pooja Gupta,81,Female,P006,2023-06-23,Independent
R0080,Pooja Mehta,86,Male,P001,2024-04-26,Independent
R0081,Nisha Kapoor,60,Male,P003,2023-04-05,Assisted
R0082,Kiran Iyer,73,Female,P005,2026-03-24,Assisted
R0083,Aarav Shah,67,Female,P003,2023-10-30,Independent
R0084,Manoj Patel,65,Male,P003,2025-11-26,Independent
R0085,Manoj Gupta,74,Female,P004,2023-10-01,Assisted
R0086,Neha Gupta,79,Female,P003,2025-10-30,Independent
R0087,Manoj Joshi,83,Male,P002,2025-08-30,Assisted
R0088,Rekha Mehta,84,Female,P004,2025-12-03,Assisted
R0089,Nisha Joshi,62,Female,P003,2024-08-08,Assisted
R0090,Rohan Desai,88,Male,P006,2026-01-11,Independent
R0091,Kiran Shah,72,Female,P005,2023-11-09,Assisted
R0092,Manoj Iyer,70,Male,P005,2026-01-16,Independent
R0093,Sanjay Singh,86,Male,P006,2025-05-10,Assisted
R0094,Kavita Joshi,75,Female,P001,2023-01-13,Assisted
R0095,Nisha Kapoor,77,Male,P001,2026-01-23,Assisted
R0096,Aarav Iyer,73,Female,P004,2025-09-21,Assisted
R0097,Manoj Desai,83,Male,P006,2023-12-05,Assisted
R0098,Aarav Shah,78,Female,P004,2026-03-01,Independent
R0099,Sunita Patel,87,Female,P006,2025-08-03,Assisted
R0100,Manoj Rao,70,Female,P005,2024-03-09,Assisted
