service_id,resident_id,service_date,service_type,cost_inr
S00001,R0048,2026-05-19,Physiotherapy,1800
S00002,R0067,2026-09-05,Transportation,800
S00003,R0071,2026-08-12,Emergency Response,2500
S00004,R0026,2026-05-18,Housekeeping,1200
S00005,R0063,2026-05-06,Wellness Check,500
S00006,R0006,2026-05-23,Transportation,800
S00007,R0017,2026-05-05,Transportation,800
S00008,R0035,2026-07-14,Housekeeping,1200
S00009,R0073,2026-01-15,Transportation,800
S00010,R0080,2026-06-16,Meal Plan,4500
S00011,R0055,2026-09-07,Meal Plan,4500
S00012,R0029,2026-07-01,Housekeeping,1200
S00013,R0099,2026-06-24,Housekeeping,1200
S00014,R0055,2026-05-22,Physiotherapy,1800
S00015,R0012,2026-01-06,Physiotherapy,1800
S00016,R0063,2026-04-08,Wellness Check,500
S00017,R0045,2026-05-04,Emergency Response,2500
S00018,R0027,2026-07-28,Transportation,800
S00019,R0085,2026-05-04,Emergency Response,2500
S00020,R0042,2026-09-01,Emergency Response,2500
S00021,R0100,2026-09-09,Transportation,800
S00022,R0066,2026-01-09,Wellness Check,500
S00023,R0033,2026-05-31,Meal Plan,4500
S00024,R0087,2026-07-27,Emergency Response,2500
S00025,R0006,2026-05-05,Housekeeping,1200
S00026,R0044,2026-07-08,Transportation,800
S00027,R0033,2026-06-26,Transportation,800
S00028,R0036,2026-06-19,Housekeeping,1200
S00029,R0022,2026-08-21,Housekeeping,1200
S00030,R0034,2026-06-06,Housekeeping,1200
S00031,R0001,2026-04-29,Wellness Check,500
S00032,R0028,2026-04-09,Housekeeping,1200
S00033,R0097,2026-03-03,Emergency Response,2500
S00034,R0041,2026-04-05,Meal Plan,4500
S00035,R0077,2026-04-21,Emergency Response,2500
S00036,R0077,2026-09-05,Housekeeping,1200
S00037,R0054,2026-09-26,Physiotherapy,1800
S00038,R0006,2026-05-25,Wellness Check,500
S00039,R0087,2026-04-10,Housekeeping,1200
S00040,R0095,2026-04-27,Housekeeping,1200
S00041,R0031,2026-04-02,Housekeeping,1200
S00042,R0052,2026-01-08,Emergency Response,2500
S00043,R0055,2026-03-06,Housekeeping,1200
S00044,R0097,2026-01-24,Wellness Check,500
S00045,R0021,2026-05-30,Emergency Response,2500
S00046,R0096,2026-03-06,Emergency Response,2500
S00047,R0046,2026-09-09,Wellness Check,500
S00048,R0006,2026-01-07,Physiotherapy,1800
S00049,R0071,2026-05-26,Transportation,800
S00050,R0033,2026-09-03,Transportation,800
S00051,R0087,2026-06-24,Meal Plan,4500
S00052,R0013,2026-01-27,Housekeeping,1200
S00053,R0033,2026-09-02,Wellness Check,500
S00054,R0067,2026-02-03,Transportation,800
S00055,R0035,2026-09-09,Wellness Check,500
S00056,R0005,2026-01-28,Meal Plan,4500
S00057,R0087,2026-03-18,Physiotherapy,1800
S00058,R0082,2026-06-05,Wellness Check,500
S00059,R0014,2026-05-08,Wellness Check,500
S00060,R0079,2026-08-02,Physiotherapy,1800
S00061,R0065,2026-04-26,Physiotherapy,1800
S00062,R0035,2026-07-14,Transportation,800
S00063,R0077,2026-08-15,Housekeeping,1200
S00064,R0064,2026-08-08,Housekeeping,1200
S00065,R0080,2026-01-31,Physiotherapy,1800
S00066,R0012,2026-02-20,Meal Plan,4500
S00067,R0051,2026-04-19,Housekeeping,1200
S00068,R0070,2026-02-11,Meal Plan,4500
S00069,R0063,2026-05-03,Meal Plan,4500
S00070,R0074,2026-02-08,Meal Plan,4500
S00071,R0037,2026-01-02,Transportation,800
S00072,R0089,2026-08-19,Emergency Response,2500
S00073,R0003,2026-08-29,Housekeeping,1200
S00074,R0045,2026-01-17,Meal Plan,4500
S00075,R0041,2026-05-28,Emergency Response,2500
S00076,R0026,2026-05-25,Emergency Response,2500
S00077,R0052,2026-08-21,Wellness Check,500
S00078,R0018,2026-04-30,Housekeeping,1200
S00079,R0013,2026-04-12,Transportation,800
S00080,R0042,2026-02-28,Physiotherapy,1800
S00081,R0019,2026-04-26,Emergency Response,2500
S00082,R0016,2026-03-18,Housekeeping,1200
S00083,R0046,2026-03-14,Wellness Check,500
S00084,R0090,2026-01-31,Meal Plan,4500
S00085,R0045,2026-06-07,Physiotherapy,1800
S00086,R0013,2026-05-28,Transportation,800
S00087,R0072,2026-03-05,Transportation,800
S00088,R0065,2026-06-05,Emergency Response,2500
S00089,R0099,2026-07-26,Housekeeping,1200
S00090,R0006,2026-09-14,Physiotherapy,1800
S00091,R0031,2026-09-10,Transportation,800
S00092,R0080,2026-02-11,Physiotherapy,1800
S00093,R0078,2026-01-21,Transportation,800
S00094,R0082,2026-06-15,Physiotherapy,1800
S00095,R0017,2026-05-09,Wellness Check,500
S00096,R0079,2026-02-16,Meal Plan,4500
S00097,R0098,2026-01-11,Emergency Response,2500
S00098,R0098,2026-05-18,Physiotherapy,1800
S00099,R0055,2026-01-21,Meal Plan,4500
S00100,R0039,2026-08-29,Physiotherapy,1800
S00101,R0038,2026-08-15,Housekeeping,1200
S00102,R0019,2026-04-03,Physiotherapy,1800
S00103,R0007,2026-08-12,Emergency Response,2500
S00104,R0067,2026-09-09,Wellness Check,500
S00105,R0010,2026-08-29,Housekeeping,1200
S00106,R0013,2026-07-29,Housekeeping,1200
S00107,R0059,2026-06-14,Emergency Response,2500
S00108,R0018,2026-02-23,Meal Plan,4500
S00109,R0004,2026-06-18,Transportation,800
S00110,R0053,2026-09-11,Housekeeping,1200
S00111,R0046,2026-07-25,Physiotherapy,1800
S00112,R0038,2026-01-19,Transportation,800
S00113,R0069,2026-02-15,Housekeeping,1200
S00114,R0081,2026-05-10,Housekeeping,1200
S00115,R0024,2026-03-01,Transportation,800
S00116,R0008,2026-09-21,Wellness Check,500
S00117,R0099,2026-08-25,Transportation,800
S00118,R0082,2026-01-28,Meal Plan,4500
S00119,R0095,2026-09-23,Housekeeping,1200
S00120,R0061,2026-09-13,Emergency Response,2500
S00121,R0008,2026-08-15,Wellness Check,500
S00122,R0095,2026-04-15,Housekeeping,1200
S00123,R0075,2026-03-09,Housekeeping,1200
S00124,R0031,2026-08-13,Emergency Response,2500
S00125,R0051,2026-09-06,Wellness Check,500
S00126,R0083,2026-01-15,Emergency Response,2500
S00127,R0079,2026-05-03,Emergency Response,2500
S00128,R0007,2026-03-23,Housekeeping,1200
S00129,R0011,2026-01-08,Physiotherapy,1800
S00130,R0029,2026-07-28,Wellness Check,500
S00131,R0019,2026-04-26,Wellness Check,500
S00132,R0090,2026-08-25,Wellness Check,500
S00133,R0064,2026-03-20,Transportation,800
S00134,R0081,2026-05-30,Physiotherapy,1800
S00135,R0017,2026-05-20,Transportation,800
S00136,R0032,2026-09-05,Transportation,800
S00137,R0009,2026-05-05,Transportation,800
S00138,R0044,2026-03-16,Transportation,800
S00139,R0006,2026-04-08,Physiotherapy,1800
S00140,R0084,2026-09-18,Emergency Response,2500
S00141,R0063,2026-03-11,Wellness Check,500
S00142,R0063,2026-05-22,Transportation,800
S00143,R0039,2026-06-24,Physiotherapy,1800
S00144,R0057,2026-05-17,Wellness Check,500
S00145,R0076,2026-05-25,Emergency Response,2500
S00146,R0065,2026-06-02,Physiotherapy,1800
S00147,R0074,2026-09-08,Meal Plan,4500
S00148,R0077,2026-08-17,Physiotherapy,1800
S00149,R0040,2026-09-05,Housekeeping,1200
S00150,R0042,2026-06-20,Physiotherapy,1800
S00151,R0040,2026-07-13,Transportation,800
S00152,R0068,2026-06-14,Meal Plan,4500
S00153,R0013,2026-05-03,Physiotherapy,1800
S00154,R0079,2026-07-16,Meal Plan,4500
S00155,R0065,2026-07-30,Wellness Check,500
S00156,R0022,2026-06-12,Emergency Response,2500
S00157,R0070,2026-08-31,Emergency Response,2500
S00158,R0091,2026-07-15,Transportation,800
S00159,R0061,2026-03-19,Transportation,800
S00160,R0009,2026-01-19,Meal Plan,4500
S00161,R0076,2026-09-15,Physiotherapy,1800
S00162,R0027,2026-06-19,Wellness Check,500
S00163,R0005,2026-08-14,Wellness Check,500
S00164,R0059,2026-09-27,Transportation,800
S00165,R0056,2026-01-08,Emergency Response,2500
S00166,R0058,2026-03-15,Transportation,800
S00167,R0036,2026-03-21,Wellness Check,500
S00168,R0032,2026-08-29,Housekeeping,1200
S00169,R0056,2026-06-23,Physiotherapy,1800
S00170,R0045,2026-07-23,Emergency Response,2500
S00171,R0029,2026-02-11,Housekeeping,1200
S00172,R0088,2026-07-14,Housekeeping,1200
S00173,R0036,2026-09-07,Physiotherapy,1800
S00174,R0050,2026-01-19,Physiotherapy,1800
S00175,R0076,2026-02-05,Meal Plan,4500
S00176,R0023,2026-05-28,Meal Plan,4500
S00177,R0087,2026-02-16,Transportation,800
S00178,R0049,2026-02-20,Emergency Response,2500
S00179,R0002,2026-02-21,Transportation,800
S00180,R0024,2026-03-27,Emergency Response,2500
S00181,R0081,2026-06-03,Wellness Check,500
S00182,R0009,2026-01-24,Housekeeping,1200
S00183,R0093,2026-01-29,Housekeeping,1200
S00184,R0077,2026-07-03,Housekeeping,1200
S00185,R0037,2026-08-09,Meal Plan,4500
S00186,R0059,2026-05-06,Physiotherapy,1800
S00187,R0093,2026-07-30,Physiotherapy,1800
S00188,R0084,2026-04-03,Meal Plan,4500
S00189,R0001,2026-03-31,Wellness Check,500
S00190,R0051,2026-07-15,Physiotherapy,1800
S00191,R0063,2026-05-04,Transportation,800
S00192,R0021,2026-03-15,Meal Plan,4500
S00193,R0014,2026-08-25,Emergency Response,2500
S00194,R0032,2026-05-11,Transportation,800
S00195,R0030,2026-05-11,Emergency Response,2500
S00196,R0061,2026-01-05,Transportation,800
S00197,R0058,2026-05-28,Emergency Response,2500
S00198,R0074,2026-03-22,Wellness Check,500
S00199,R0029,2026-08-15,Housekeeping,1200
S00200,R0026,2026-06-03,Emergency Response,2500
S00201,R0047,2026-08-06,Emergency Response,2500
S00202,R0039,2026-05-09,Transportation,800
S00203,R0006,2026-06-04,Meal Plan,4500
S00204,R0098,2026-07-16,Transportation,800
S00205,R0074,2026-02-24,Meal Plan,4500
S00206,R0033,2026-07-15,Physiotherapy,1800
S00207,R0087,2026-07-03,Physiotherapy,1800
S00208,R0092,2026-06-01,Emergency Response,2500
S00209,R0089,2026-06-01,Wellness Check,500
S00210,R0072,2026-07-22,Housekeeping,1200
S00211,R0096,2026-01-05,Physiotherapy,1800
S00212,R0053,2026-01-26,Physiotherapy,1800
S00213,R0002,2026-09-12,Housekeeping,1200
S00214,R0077,2026-04-28,Physiotherapy,1800
S00215,R0061,2026-06-30,Meal Plan,4500
S00216,R0059,2026-04-08,Physiotherapy,1800
S00217,R0010,2026-05-09,Emergency Response,2500
S00218,R0028,2026-03-12,Emergency Response,2500
S00219,R0043,2026-02-19,Emergency Response,2500
S00220,R0035,2026-01-21,Housekeeping,1200
S00221,R0074,2026-08-14,Wellness Check,500
S00222,R0074,2026-07-06,Emergency Response,2500
S00223,R0036,2026-03-09,Wellness Check,500
S00224,R0062,2026-06-01,Housekeeping,1200
S00225,R0091,2026-08-01,Meal Plan,4500
S00226,R0054,2026-04-13,Meal Plan,4500
S00227,R0093,2026-07-07,Physiotherapy,1800
S00228,R0042,2026-09-14,Housekeeping,1200
S00229,R0033,2026-03-26,Housekeeping,1200
S00230,R0088,2026-09-04,Housekeeping,1200
S00231,R0087,2026-06-23,Wellness Check,500
S00232,R0088,2026-08-28,Wellness Check,500
S00233,R0025,2026-03-14,Meal Plan,4500
S00234,R0080,2026-07-23,Physiotherapy,1800
S00235,R0058,2026-07-07,Wellness Check,500
S00236,R0064,2026-07-22,Wellness Check,500
S00237,R0070,2026-05-16,Physiotherapy,1800
S00238,R0079,2026-03-05,Transportation,800
S00239,R0073,2026-07-08,Emergency Response,2500
S00240,R0094,2026-05-15,Physiotherapy,1800
S00241,R0074,2026-07-15,Emergency Response,2500
S00242,R0009,2026-07-10,Wellness Check,500
S00243,R0042,2026-04-30,Transportation,800
S00244,R0100,2026-01-13,Physiotherapy,1800
S00245,R0046,2026-06-17,Physiotherapy,1800
S00246,R0010,2026-04-24,Emergency Response,2500
S00247,R0084,2026-02-02,Emergency Response,2500
S00248,R0005,2026-08-26,Emergency Response,2500
S00249,R0100,2026-06-04,Emergency Response,2500
S00250,R0073,2026-07-29,Wellness Check,500
S00251,R0057,2026-03-13,Wellness Check,500
S00252,R0010,2026-01-20,Housekeeping,1200
S00253,R0069,2026-09-10,Wellness Check,500
S00254,R0092,2026-02-19,Meal Plan,4500
S00255,R0096,2026-03-11,Transportation,800
S00256,R0017,2026-08-21,Housekeeping,1200
S00257,R0015,2026-08-03,Physiotherapy,1800
S00258,R0094,2026-03-21,Transportation,800
S00259,R0059,2026-02-20,Transportation,800
S00260,R0053,2026-07-28,Housekeeping,1200
S00261,R0014,2026-01-17,Emergency Response,2500
S00262,R0047,2026-07-09,Meal Plan,4500
S00263,R0075,2026-08-16,Transportation,800
S00264,R0030,2026-05-01,Housekeeping,1200
S00265,R0061,2026-02-20,Emergency Response,2500
S00266,R0050,2026-07-08,Physiotherapy,1800
S00267,R0001,2026-07-03,Wellness Check,500
S00268,R0031,2026-07-23,Housekeeping,1200
S00269,R0044,2026-04-08,Wellness Check,500
S00270,R0020,2026-08-21,Wellness Check,500
S00271,R0059,2026-04-19,Emergency Response,2500
S00272,R0090,2026-01-11,Wellness Check,500
S00273,R0024,2026-06-20,Meal Plan,4500
S00274,R0019,2026-03-06,Physiotherapy,1800
S00275,R0080,2026-04-16,Wellness Check,500
S00276,R0083,2026-04-17,Physiotherapy,1800
S00277,R0012,2026-04-21,Meal Plan,4500
S00278,R0032,2026-06-18,Meal Plan,4500
S00279,R0035,2026-01-02,Housekeeping,1200
S00280,R0021,2026-03-16,Meal Plan,4500
S00281,R0071,2026-05-09,Meal Plan,4500
S00282,R0040,2026-02-26,Emergency Response,2500
S00283,R0030,2026-01-14,Meal Plan,4500
S00284,R0051,2026-01-08,Housekeeping,1200
S00285,R0030,2026-05-02,Physiotherapy,1800
S00286,R0099,2026-06-15,Wellness Check,500
S00287,R0065,2026-03-31,Housekeeping,1200
S00288,R0081,2026-01-27,Meal Plan,4500
S00289,R0035,2026-08-04,Physiotherapy,1800
S00290,R0078,2026-02-28,Emergency Response,2500
S00291,R0074,2026-02-02,Transportation,800
S00292,R0096,2026-08-18,Housekeeping,1200
S00293,R0008,2026-09-20,Physiotherapy,1800
S00294,R0031,2026-02-25,Transportation,800
S00295,R0006,2026-09-15,Meal Plan,4500
S00296,R0012,2026-01-23,Emergency Response,2500
S00297,R0033,2026-09-24,Housekeeping,1200
S00298,R0009,2026-08-23,Emergency Response,2500
S00299,R0032,2026-01-16,Wellness Check,500
S00300,R0053,2026-09-03,Transportation,800
S00301,R0004,2026-08-07,Emergency Response,2500
S00302,R0019,2026-02-25,Transportation,800
S00303,R0059,2026-08-16,Wellness Check,500
S00304,R0084,2026-02-11,Housekeeping,1200
S00305,R0058,2026-03-17,Wellness Check,500
S00306,R0099,2026-03-06,Housekeeping,1200
S00307,R0045,2026-06-16,Transportation,800
S00308,R0080,2026-05-31,Transportation,800
S00309,R0063,2026-09-16,Physiotherapy,1800
S00310,R0039,2026-08-09,Wellness Check,500
S00311,R0081,2026-02-28,Emergency Response,2500
S00312,R0070,2026-04-21,Transportation,800
S00313,R0016,2026-08-20,Meal Plan,4500
S00314,R0042,2026-07-31,Housekeeping,1200
S00315,R0026,2026-08-21,Transportation,800
S00316,R0021,2026-08-01,Emergency Response,2500
S00317,R0071,2026-02-18,Housekeeping,1200
S00318,R0026,2026-08-07,Housekeeping,1200
S00319,R0077,2026-05-11,Housekeeping,1200
S00320,R0050,2026-03-20,Emergency Response,2500
S00321,R0072,2026-08-31,Wellness Check,500
S00322,R0061,2026-02-16,Wellness Check,500
S00323,R0099,2026-02-17,Transportation,800
S00324,R0011,2026-02-19,Emergency Response,2500
S00325,R0033,2026-07-10,Meal Plan,4500
S00326,R0061,2026-01-31,Physiotherapy,1800
S00327,R0030,2026-06-18,Emergency Response,2500
S00328,R0070,2026-03-04,Transportation,800
S00329,R0013,2026-07-01,Emergency Response,2500
S00330,R0093,2026-08-05,Emergency Response,2500
S00331,R0076,2026-01-27,Housekeeping,1200
S00332,R0062,2026-06-09,Housekeeping,1200
S00333,R0061,2026-02-23,Physiotherapy,1800
S00334,R0029,2026-09-17,Meal Plan,4500
S00335,R0063,2026-03-21,Emergency Response,2500
S00336,R0060,2026-09-04,Meal Plan,4500
S00337,R0018,2026-02-25,Housekeeping,1200
S00338,R0017,2026-07-08,Wellness Check,500
S00339,R0033,2026-05-23,Physiotherapy,1800
S00340,R0014,2026-04-26,Transportation,800
S00341,R0028,2026-01-14,Physiotherapy,1800
S00342,R0055,2026-05-17,Wellness Check,500
S00343,R0045,2026-04-03,Housekeeping,1200
S00344,R0017,2026-06-08,Housekeeping,1200
S00345,R0065,2026-06-29,Wellness Check,500
S00346,R0041,2026-04-03,Meal Plan,4500
S00347,R0019,2026-07-25,Wellness Check,500
S00348,R0035,2026-03-14,Emergency Response,2500
S00349,R0031,2026-01-16,Wellness Check,500
S00350,R0078,2026-04-21,Transportation,800
S00351,R0099,2026-08-03,Transportation,800
S00352,R0092,2026-06-24,Meal Plan,4500
S00353,R0029,2026-07-09,Housekeeping,1200
S00354,R0004,2026-06-16,Physiotherapy,1800
S00355,R0051,2026-02-13,Wellness Check,500
S00356,R0044,2026-03-21,Meal Plan,4500
S00357,R0010,2026-01-26,Emergency Response,2500
S00358,R0046,2026-02-11,Housekeeping,1200
S00359,R0073,2026-08-15,Emergency Response,2500
S00360,R0042,2026-08-06,Transportation,800
S00361,R0038,2026-08-15,Transportation,800
S00362,R0032,2026-05-20,Meal Plan,4500
S00363,R0007,2026-09-20,Wellness Check,500
S00364,R0036,2026-06-26,Transportation,800
S00365,R0096,2026-02-26,Housekeeping,1200
S00366,R0028,2026-09-07,Physiotherapy,1800
S00367,R0043,2026-06-07,Wellness Check,500
S00368,R0072,2026-04-23,Transportation,800
S00369,R0010,2026-01-29,Wellness Check,500
S00370,R0062,2026-04-15,Housekeeping,1200
S00371,R0009,2026-04-19,Meal Plan,4500
S00372,R0071,2026-05-11,Housekeeping,1200
S00373,R0060,2026-06-17,Wellness Check,500
S00374,R0037,2026-01-04,Transportation,800
S00375,R0016,2026-08-09,Meal Plan,4500
S00376,R0058,2026-03-08,Transportation,800
S00377,R0009,2026-04-28,Physiotherapy,1800
S00378,R0069,2026-07-01,Wellness Check,500
S00379,R0074,2026-07-23,Emergency Response,2500
S00380,R0093,2026-01-22,Transportation,800
S00381,R0094,2026-01-10,Transportation,800
S00382,R0023,2026-02-09,Housekeeping,1200
S00383,R0005,2026-08-08,Physiotherapy,1800
S00384,R0057,2026-07-27,Emergency Response,2500
S00385,R0028,2026-08-02,Housekeeping,1200
S00386,R0038,2026-02-28,Transportation,800
S00387,R0034,2026-01-11,Housekeeping,1200
S00388,R0020,2026-03-29,Physiotherapy,1800
S00389,R0010,2026-08-24,Emergency Response,2500
S00390,R0002,2026-07-05,Wellness Check,500
S00391,R0030,2026-08-12,Wellness Check,500
S00392,R0054,2026-05-05,Transportation,800
S00393,R0031,2026-07-25,Physiotherapy,1800
S00394,R0070,2026-02-10,Transportation,800
S00395,R0062,2026-06-08,Emergency Response,2500
S00396,R0098,2026-06-23,Meal Plan,4500
S00397,R0046,2026-06-20,Meal Plan,4500
S00398,R0041,2026-02-09,Physiotherapy,1800
S00399,R0026,2026-02-28,Physiotherapy,1800
S00400,R0059,2026-09-19,Meal Plan,4500
