unit_id,property_id,unit_number
P001-U001,P001,1
P001-U002,P001,2
P001-U003,P001,3
P001-U004,P001,4
P001-U005,P001,5
P001-U006,P001,6
P001-U007,P001,7
P001-U008,P001,8
P001-U009,P001,9
P001-U010,P001,10
P001-U011,P001,11
P001-U012,P001,12
P001-U013,P001,13
P001-U014,P001,14
P001-U015,P001,15
P001-U016,P001,16
P001-U017,P001,17
P001-U018,P001,18
P001-U019,P001,19
P001-U020,P001,20
P001-U021,P001,21
P001-U022,P001,22
P001-U023,P001,23
P001-U024,P001,24
P001-U025,P001,25
P001-U026,P001,26
P001-U027,P001,27
P001-U028,P001,28
P001-U029,P001,29
P001-U030,P001,30
P001-U031,P001,31
P001-U032,P001,32
P001-U033,P001,33
P001-U034,P001,34
P001-U035,P001,35
P001-U036,P001,36
P001-U037,P001,37
P001-U038,P001,38
P001-U039,P001,39
P001-U040,P001,40
P001-U041,P001,41
P001-U042,P001,42
P001-U043,P001,43
P001-U044,P001,44
P001-U045,P001,45
P001-U046,P001,46
P001-U047,P001,47
P001-U048,P001,48
P001-U049,P001,49
P001-U050,P001,50
P001-U051,P001,51
P001-U052,P001,52
P001-U053,P001,53
P001-U054,P001,54
P001-U055,P001,55
P001-U056,P001,56
P001-U057,P001,57
P001-U058,P001,58
P001-U059,P001,59
P001-U060,P001,60
P001-U061,P001,61
P001-U062,P001,62
P001-U063,P001,63
P001-U064,P001,64
P001-U065,P001,65
P001-U066,P001,66
P001-U067,P001,67
P001-U068,P001,68
P001-U069,P001,69
P001-U070,P001,70
P001-U071,P001,71
P001-U072,P001,72
P001-U073,P001,73
P001-U074,P001,74
P001-U075,P001,75
P001-U076,P001,76
P001-U077,P001,77
P001-U078,P001,78
P001-U079,P001,79
P001-U080,P001,80
P002-U001,P002,1
P002-U002,P002,2
P002-U003,P002,3
P002-U004,P002,4
P002-U005,P002,5
P002-U006,P002,6
P002-U007,P002,7
P002-U008,P002,8
P002-U009,P002,9
P002-U010,P002,10
P002-U011,P002,11
P002-U012,P002,12
P002-U013,P002,13
P002-U014,P002,14
P002-U015,P002,15
P002-U016,P002,16
P002-U017,P002,17
P002-U018,P002,18
P002-U019,P002,19
P002-U020,P002,20
P002-U021,P002,21
P002-U022,P002,22
P002-U023,P002,23
P002-U024,P002,24
P002-U025,P002,25
P002-U026,P002,26
P002-U027,P002,27
P002-U028,P002,28
P002-U029,P002,29
P002-U030,P002,30
P002-U031,P002,31
P002-U032,P002,32
P002-U033,P002,33
P002-U034,P002,34
P002-U035,P002,35
P002-U036,P002,36
P002-U037,P002,37
P002-U038,P002,38
P002-U039,P002,39
P002-U040,P002,40
P002-U041,P002,41
P002-U042,P002,42
P002-U043,P002,43
P002-U044,P002,44
P002-U045,P002,45
P002-U046,P002,46
P002-U047,P002,47
P002-U048,P002,48
P002-U049,P002,49
P002-U050,P002,50
P002-U051,P002,51
P002-U052,P002,52
P002-U053,P002,53
P002-U054,P002,54
P002-U055,P002,55
P002-U056,P002,56
P002-U057,P002,57
P002-U058,P002,58
P002-U059,P002,59
P002-U060,P002,60
P002-U061,P002,61
P002-U062,P002,62
P002-U063,P002,63
P002-U064,P002,64
P002-U065,P002,65
P002-U066,P002,66
P002-U067,P002,67
P002-U068,P002,68
P002-U069,P002,69
P002-U070,P002,70
P002-U071,P002,71
P002-U072,P002,72
P002-U073,P002,73
P002-U074,P002,74
P002-U075,P002,75
P002-U076,P002,76
P002-U077,P002,77
P002-U078,P002,78
P002-U079,P002,79
P002-U080,P002,80
P003-U001,P003,1
P003-U002,P003,2
P003-U003,P003,3
P003-U004,P003,4
P003-U005,P003,5
P003-U006,P003,6
P003-U007,P003,7
P003-U008,P003,8
P003-U009,P003,9
P003-U010,P003,10
P003-U011,P003,11
P003-U012,P003,12
P003-U013,P003,13
P003-U014,P003,14
P003-U015,P003,15
P003-U016,P003,16
P003-U017,P003,17
P003-U018,P003,18
P003-U019,P003,19
P003-U020,P003,20
P003-U021,P003,21
P003-U022,P003,22
P003-U023,P003,23
P003-U024,P003,24
P003-U025,P003,25
P003-U026,P003,26
P003-U027,P003,27
P003-U028,P003,28
P003-U029,P003,29
P003-U030,P003,30
P003-U031,P003,31
P003-U032,P003,32
P003-U033,P003,33
P003-U034,P003,34
P003-U035,P003,35
P003-U036,P003,36
P003-U037,P003,37
P003-U038,P003,38
P003-U039,P003,39
P003-U040,P003,40
P003-U041,P003,41
P003-U042,P003,42
P003-U043,P003,43
P003-U044,P003,44
P003-U045,P003,45
P003-U046,P003,46
P003-U047,P003,47
P003-U048,P003,48
P003-U049,P003,49
P003-U050,P003,50
P003-U051,P003,51
P003-U052,P003,52
P003-U053,P003,53
P003-U054,P003,54
P003-U055,P003,55
P003-U056,P003,56
P003-U057,P003,57
P003-U058,P003,58
P003-U059,P003,59
P003-U060,P003,60
P003-U061,P003,61
P003-U062,P003,62
P003-U063,P003,63
P003-U064,P003,64
P003-U065,P003,65
P003-U066,P003,66
P003-U067,P003,67
P003-U068,P003,68
P003-U069,P003,69
P003-U070,P003,70
P003-U071,P003,71
P003-U072,P003,72
P003-U073,P003,73
P003-U074,P003,74
P003-U075,P003,75
P003-U076,P003,76
P003-U077,P003,77
P003-U078,P003,78
P003-U079,P003,79
P003-U080,P003,80
P003-U081,P003,81
P003-U082,P003,82
P003-U083,P003,83
P003-U084,P003,84
P003-U085,P003,85
P003-U086,P003,86
P003-U087,P003,87
P003-U088,P003,88
P003-U089,P003,89
P003-U090,P003,90
P003-U091,P003,91
P003-U092,P003,92
P003-U093,P003,93
P003-U094,P003,94
P003-U095,P003,95
P003-U096,P003,96
P003-U097,P003,97
P003-U098,P003,98
P003-U099,P003,99
P003-U100,P003,100
P003-U101,P003,101
P003-U102,P003,102
P003-U103,P003,103
P003-U104,P003,104
P003-U105,P003,105
P003-U106,P003,106
P003-U107,P003,107
P003-U108,P003,108
P003-U109,P003,109
P003-U110,P003,110
P003-U111,P003,111
P003-U112,P003,112
P003-U113,P003,113
P003-U114,P003,114
P003-U115,P003,115
P003-U116,P003,116
P003-U117,P003,117
P003-U118,P003,118
P003-U119,P003,119
P003-U120,P003,120
P004-U001,P004,1
P004-U002,P004,2
P004-U003,P004,3
P004-U004,P004,4
P004-U005,P004,5
P004-U006,P004,6
P004-U007,P004,7
P004-U008,P004,8
P004-U009,P004,9
P004-U010,P004,10
P004-U011,P004,11
P004-U012,P004,12
P004-U013,P004,13
P004-U014,P004,14
P004-U015,P004,15
P004-U016,P004,16
P004-U017,P004,17
P004-U018,P004,18
P004-U019,P004,19
P004-U020,P004,20
P004-U021,P004,21
P004-U022,P004,22
P004-U023,P004,23
P004-U024,P004,24
P004-U025,P004,25
P004-U026,P004,26
P004-U027,P004,27
P004-U028,P004,28
P004-U029,P004,29
P004-U030,P004,30
P004-U031,P004,31
P004-U032,P004,32
P004-U033,P004,33
P004-U034,P004,34
P004-U035,P004,35
P004-U036,P004,36
P004-U037,P004,37
P004-U038,P004,38
P004-U039,P004,39
P004-U040,P004,40
P004-U041,P004,41
P004-U042,P004,42
P004-U043,P004,43
P004-U044,P004,44
P004-U045,P004,45
P004-U046,P004,46
P004-U047,P004,47
P004-U048,P004,48
P004-U049,P004,49
P004-U050,P004,50
P004-U051,P004,51
P004-U052,P004,52
P004-U053,P004,53
P004-U054,P004,54
P004-U055,P004,55
P004-U056,P004,56
P004-U057,P004,57
P004-U058,P004,58
P004-U059,P004,59
P004-U060,P004,60
P004-U061,P004,61
P004-U062,P004,62
P004-U063,P004,63
P004-U064,P004,64
P004-U065,P004,65
P004-U066,P004,66
P004-U067,P004,67
P004-U068,P004,68
P004-U069,P004,69
P004-U070,P004,70
P004-U071,P004,71
P004-U072,P004,72
P004-U073,P004,73
P004-U074,P004,74
P004-U075,P004,75
P004-U076,P004,76
P004-U077,P004,77
P004-U078,P004,78
P004-U079,P004,79
P004-U080,P004,80
P004-U081,P004,81
P004-U082,P004,82
P004-U083,P004,83
P004-U084,P004,84
P004-U085,P004,85
P004-U086,P004,86
P004-U087,P004,87
P004-U088,P004,88
P004-U089,P004,89
P004-U090,P004,90
P004-U091,P004,91
P004-U092,P004,92
P004-U093,P004,93
P004-U094,P004,94
P004-U095,P004,95
P004-U096,P004,96
P004-U097,P004,97
P004-U098,P004,98
P004-U099,P004,99
P004-U100,P004,100
P005-U001,P005,1
P005-U002,P005,2
P005-U003,P005,3
P005-U004,P005,4
P005-U005,P005,5
P005-U006,P005,6
P005-U007,P005,7
P005-U008,P005,8
P005-U009,P005,9
P005-U010,P005,10
P005-U011,P005,11
P005-U012,P005,12
P005-U013,P005,13
P005-U014,P005,14
P005-U015,P005,15
P005-U016,P005,16
P005-U017,P005,17
P005-U018,P005,18
P005-U019,P005,19
P005-U020,P005,20
P005-U021,P005,21
P005-U022,P005,22
P005-U023,P005,23
P005-U024,P005,24
P005-U025,P005,25
P005-U026,P005,26
P005-U027,P005,27
P005-U028,P005,28
P005-U029,P005,29
P005-U030,P005,30
P005-U031,P005,31
P005-U032,P005,32
P005-U033,P005,33
P005-U034,P005,34
P005-U035,P005,35
P005-U036,P005,36
P005-U037,P005,37
P005-U038,P005,38
P005-U039,P005,39
P005-U040,P005,40
P005-U041,P005,41
P005-U042,P005,42
P005-U043,P005,43
P005-U044,P005,44
P005-U045,P005,45
P005-U046,P005,46
P005-U047,P005,47
P005-U048,P005,48
P005-U049,P005,49
P005-U050,P005,50
P005-U051,P005,51
P005-U052,P005,52
P005-U053,P005,53
P005-U054,P005,54
P005-U055,P005,55
P005-U056,P005,56
P005-U057,P005,57
P005-U058,P005,58
P005-U059,P005,59
P005-U060,P005,60
P005-U061,P005,61
P005-U062,P005,62
P005-U063,P005,63
P005-U064,P005,64
P005-U065,P005,65
P005-U066,P005,66
P005-U067,P005,67
P005-U068,P005,68
P005-U069,P005,69
P005-U070,P005,70
P005-U071,P005,71
P005-U072,P005,72
P005-U073,P005,73
P005-U074,P005,74
P005-U075,P005,75
P005-U076,P005,76
P005-U077,P005,77
P005-U078,P005,78
P005-U079,P005,79
P005-U080,P005,80
P005-U081,P005,81
P005-U082,P005,82
P005-U083,P005,83
P005-U084,P005,84
P005-U085,P005,85
P005-U086,P005,86
P005-U087,P005,87
P005-U088,P005,88
P005-U089,P005,89
P005-U090,P005,90
P005-U091,P005,91
P005-U092,P005,92
P005-U093,P005,93
P005-U094,P005,94
P005-U095,P005,95
P005-U096,P005,96
P005-U097,P005,97
P005-U098,P005,98
P005-U099,P005,99
P005-U100,P005,100
P006-U001,P006,1
P006-U002,P006,2
P006-U003,P006,3
P006-U004,P006,4
P006-U005,P006,5
P006-U006,P006,6
P006-U007,P006,7
P006-U008,P006,8
P006-U009,P006,9
P006-U010,P006,10
P006-U011,P006,11
P006-U012,P006,12
P006-U013,P006,13
P006-U014,P006,14
P006-U015,P006,15
P006-U016,P006,16
P006-U017,P006,17
P006-U018,P006,18
P006-U019,P006,19
P006-U020,P006,20
P006-U021,P006,21
P006-U022,P006,22
P006-U023,P006,23
P006-U024,P006,24
P006-U025,P006,25
P006-U026,P006,26
P006-U027,P006,27
P006-U028,P006,28
P006-U029,P006,29
P006-U030,P006,30
P006-U031,P006,31
P006-U032,P006,32
P006-U033,P006,33
P006-U034,P006,34
P006-U035,P006,35
P006-U036,P006,36
P006-U037,P006,37
P006-U038,P006,38
P006-U039,P006,39
P006-U040,P006,40
P006-U041,P006,41
P006-U042,P006,42
P006-U043,P006,43
P006-U044,P006,44
P006-U045,P006,45
P006-U046,P006,46
P006-U047,P006,47
P006-U048,P006,48
P006-U049,P006,49
P006-U050,P006,50
P006-U051,P006,51
P006-U052,P006,52
P006-U053,P006,53
P006-U054,P006,54
P006-U055,P006,55
P006-U056,P006,56
P006-U057,P006,57
P006-U058,P006,58
P006-U059,P006,59
P006-U060,P006,60
P006-U061,P006,61
P006-U062,P006,62
P006-U063,P006,63
P006-U064,P006,64
P006-U065,P006,65
P006-U066,P006,66
P006-U067,P006,67
P006-U068,P006,68
P006-U069,P006,69
P006-U070,P006,70
P006-U071,P006,71
P006-U072,P006,72
P006-U073,P006,73
P006-U074,P006,74
P006-U075,P006,75
P006-U076,P006,76
P006-U077,P006,77
P006-U078,P006,78
P006-U079,P006,79
P006-U080,P006,80
P006-U081,P006,81
P006-U082,P006,82
P006-U083,P006,83
P006-U084,P006,84
P006-U085,P006,85
P006-U086,P006,86
P006-U087,P006,87
P006-U088,P006,88
P006-U089,P006,89
P006-U090,P006,90
P006-U091,P006,91
P006-U092,P006,92
P006-U093,P006,93
P006-U094,P006,94
P006-U095,P006,95
P006-U096,P006,96
P006-U097,P006,97
P006-U098,P006,98
P006-U099,P006,99
P006-U100,P006,100
